INSERT INTO product (description,barcode,sequential,id) VALUES ('soups','1758253','12E277',1);
INSERT INTO product (description,barcode,sequential,id) VALUES ('pies','9367148','B471B1',2);
INSERT INTO product (description,barcode,sequential,id) VALUES ('cereals','9656495','662720',3);
INSERT INTO product (description,barcode,sequential,id) VALUES ('salads','6913225','463DCA',4);
INSERT INTO product (description,barcode,sequential,id) VALUES ('torta','6328636','6D7FD5',5);
INSERT INTO product (description,barcode,sequential,id) VALUES ('stews','5685439','17AF98',6);
INSERT INTO product (description,barcode,sequential,id) VALUES ('soupa','7549891','CEB653',7);
INSERT INTO product (description,barcode,sequential,id) VALUES ('salada','9723213','AE2B8B',8);
INSERT INTO product(description,barcode,sequential,id) VALUES ('pasta','8353495','301071',9);
INSERT INTO product(description,barcode,sequential,id) VALUES ('noodles','5479747','86E3A1',10);

INSERT INTO Branch (id,location) VALUES (1,'Vanuatu');
INSERT INTO Branch (id,location) VALUES (2,'Barbados');
INSERT INTO Branch (id,location) VALUES (3,'Tonga');
INSERT INTO Branch (id,location) VALUES (4,'Greece');
INSERT INTO Branch (id,location) VALUES (5,'Honduras');
INSERT INTO Branch (id,location) VALUES (6,'Namibia');

/*para fazer teste de estoque vázio*/
INSERT INTO Stock (id,product_id,branch_id,quantity,price) VALUES (1,1,1,0,56.96);
INSERT INTO Stock (id,product_id,branch_id,quantity,price) VALUES (2,1,2,48,67.00);
INSERT INTO Stock (id,product_id,branch_id,quantity,price) VALUES (3,1,3,4,71.26);
INSERT INTO Stock (id,product_id,branch_id,quantity,price) VALUES (4,1,4,19,71.70);
INSERT INTO Stock (id,product_id,branch_id,quantity,price) VALUES (5,1,5,85,45.26);
INSERT INTO Stock (id,product_id,branch_id,quantity,price) VALUES (6,1,6,37,57.31);
INSERT INTO Stock (id,product_id,branch_id,quantity,price) VALUES (7,2,1,96,14.73);
INSERT INTO Stock (id,product_id,branch_id,quantity,price) VALUES (8,2,2,38,14.81);
INSERT INTO Stock (id,product_id,branch_id,quantity,price) VALUES (9,2,3,55,29.90);
INSERT INTO Stock (id,product_id,branch_id,quantity,price) VALUES (10,2,4,32,23.88);
INSERT INTO Stock (id,product_id,branch_id,quantity,price) VALUES (11,2,5,81,76.20);
INSERT INTO Stock (id,product_id,branch_id,quantity,price) VALUES (12,2,6,59,37.26);
INSERT INTO Stock (id,product_id,branch_id,quantity,price) VALUES (13,3,1,55,40.82);
INSERT INTO Stock (id,product_id,branch_id,quantity,price) VALUES (14,3,2,38,80.56);
INSERT INTO Stock (id,product_id,branch_id,quantity,price) VALUES (15,3,3,14,87.43);
INSERT INTO Stock (id,product_id,branch_id,quantity,price) VALUES (16,3,4,34,90.00);
INSERT INTO Stock (id,product_id,branch_id,quantity,price) VALUES (17,3,5,53,52.70);
INSERT INTO Stock (id,product_id,branch_id,quantity,price) VALUES (18,3,6,37,6.51);
INSERT INTO Stock (id,product_id,branch_id,quantity,price) VALUES (19,4,1,53,29.81);
INSERT INTO Stock (id,product_id,branch_id,quantity,price) VALUES (20,4,2,92,24.38);
INSERT INTO Stock (id,product_id,branch_id,quantity,price) VALUES (21,4,3,39,90.21);
INSERT INTO Stock (id,product_id,branch_id,quantity,price) VALUES (22,4,4,54,55.42);
INSERT INTO Stock (id,product_id,branch_id,quantity,price) VALUES (23,4,5,50,5.87);
INSERT INTO Stock (id,product_id,branch_id,quantity,price) VALUES (24,4,6,77,38.73);
INSERT INTO Stock (id,product_id,branch_id,quantity,price) VALUES (25,5,1,38,20.48);
INSERT INTO Stock (id,product_id,branch_id,quantity,price) VALUES (26,5,2,11,26.67);
INSERT INTO Stock (id,product_id,branch_id,quantity,price) VALUES (27,5,3,99,67.26);
INSERT INTO Stock (id,product_id,branch_id,quantity,price) VALUES (28,5,4,17,67.63);
INSERT INTO Stock (id,product_id,branch_id,quantity,price) VALUES (29,5,5,10,10.98);
INSERT INTO Stock (id,product_id,branch_id,quantity,price) VALUES (30,5,6,2,68.62);
INSERT INTO Stock (id,product_id,branch_id,quantity,price) VALUES (31,6,1,2,3.11);
INSERT INTO Stock (id,product_id,branch_id,quantity,price) VALUES (32,6,2,84,12.67);
INSERT INTO Stock (id,product_id,branch_id,quantity,price) VALUES (33,6,3,74,71.05);
INSERT INTO Stock (id,product_id,branch_id,quantity,price) VALUES (34,6,4,46,9.61);
INSERT INTO Stock (id,product_id,branch_id,quantity,price) VALUES (35,6,5,56,88.66);
INSERT INTO Stock (id,product_id,branch_id,quantity,price) VALUES (36,6,6,91,38.04);
INSERT INTO Stock (id,product_id,branch_id,quantity,price) VALUES (37,7,1,73,19.18);
INSERT INTO Stock (id,product_id,branch_id,quantity,price) VALUES (38,7,2,84,61.90);
INSERT INTO Stock (id,product_id,branch_id,quantity,price) VALUES (39,7,3,41,41.93);
INSERT INTO Stock (id,product_id,branch_id,quantity,price) VALUES (40,7,4,40,85.23);
INSERT INTO Stock (id,product_id,branch_id,quantity,price) VALUES (41,7,5,5,31.77);
INSERT INTO Stock (id,product_id,branch_id,quantity,price) VALUES (42,7,6,87,45.26);
INSERT INTO Stock (id,product_id,branch_id,quantity,price) VALUES (43,8,1,66,19.72);
INSERT INTO Stock (id,product_id,branch_id,quantity,price) VALUES (44,8,2,21,85.00);
INSERT INTO Stock (id,product_id,branch_id,quantity,price) VALUES (45,8,3,87,65.47);
INSERT INTO Stock (id,product_id,branch_id,quantity,price) VALUES (46,8,4,74,33.40);
INSERT INTO Stock (id,product_id,branch_id,quantity,price) VALUES (47,8,5,63,74.76);
INSERT INTO Stock (id,product_id,branch_id,quantity,price) VALUES (48,8,6,34,80.27);
INSERT INTO Stock (id,product_id,branch_id,quantity,price) VALUES (49,9,1,76,24.38);
INSERT INTO Stock (id,product_id,branch_id,quantity,price) VALUES (50,9,2,49,42.83);
INSERT INTO Stock (id,product_id,branch_id,quantity,price) VALUES (51,9,3,42,55.05);
INSERT INTO Stock (id,product_id,branch_id,quantity,price) VALUES (52,9,4,61,9.64);
INSERT INTO Stock (id,product_id,branch_id,quantity,price) VALUES (53,9,5,91,48.03);
INSERT INTO Stock (id,product_id,branch_id,quantity,price) VALUES (54,9,6,54,61.84);
INSERT INTO Stock (id,product_id,branch_id,quantity,price) VALUES (55,10,1,1,0.05);
INSERT INTO Stock (id,product_id,branch_id,quantity,price) VALUES (56,10,2,50,8.00);
INSERT INTO Stock (id,product_id,branch_id,quantity,price) VALUES (57,10,3,75,1.25);
INSERT INTO Stock (id,product_id,branch_id,quantity,price) VALUES (58,10,4,62,64.33);
INSERT INTO Stock (id,product_id,branch_id,quantity,price) VALUES (59,10,5,13,34.19);
/*para fazer teste de sem estoque*/
/*INSERT INTO Stock (id,product_id,branch_id,quantity,price) VALUES (60,10,6,2,10.47);*/

INSERT INTO client(name,identification,person_Type,id) VALUES ('Davi','60727289365','NATURAL',1);
INSERT INTO employee(name,identification,OCCUPATION_Type,id) VALUES ('Jordan S.','4547864','CASHIER',2);

INSERT INTO order_table (id,branch_id,client_id,employee_id,order_type,obs_Delivery,payment,total) VALUES (1,1,1,2,'OUTWAY','','CARD',0.0);
INSERT INTO item (id,order_id,stock_id,item_status, quantity) VALUES (1,1,3,'CANCELED',4);
